url_path,views_total,views_unique
/quantumlib/OpenFermion,215,146
/quantumlib/openfermion,38,4
/quantumlib/OpenFermion/pulls,31,4
/quantumlib/OpenFermion/actions,21,1
/quantumlib/OpenFermion/tree/master/src/openfermion,18,16
/quantumlib/OpenFermion/tree/master/docs/tutorials,15,8
/quantumlib/OpenFermion/blob/master/docs/tutorials/jordan_wigner_and_bravyi_kitaev_transforms.ipynb,14,11
/quantumlib/OpenFermion/tree/master/docs,12,8
/quantumlib/OpenFermion/blob/master/docs/tutorials/intro_to_openfermion.ipynb,11,9
/quantumlib/OpenFermion/issues,11,5
